iter	RMSE
0	0.2381979773
50	0.1259336944
100	0.06976232496
150	0.03908831549
200	0.02120793754
250	0.01120012917
300	0.005996126504
350	0.003215902965
400	0.001715692955
450	0.0009141879348
499	0.00049365457
